{
  "meta": {
    "config": "lgbm_ordinal_reg",
    "cutpoints": [
      0.449224603875399,
      1.8207339279592087,
      2.3368831532158714,
      3.223666895661643
    ],
    "model": "lgbm_ordinal_reg_holdout",
    "n_features": 87,
    "notes": "LGBM regressor + tuned ordinal cutpoints",
    "qwk": 0.5148922552159876,
    "seed": 42,
    "timestamp": "20260417_155141"
  },
  "report": {
    "0": {
      "f1-score": 0.15873015873015872,
      "precision": 0.75,
      "recall": 0.08875739644970414,
      "support": 169.0
    },
    "1": {
      "f1-score": 0.46456882056209464,
      "precision": 0.39566284779050737,
      "recall": 0.5625363583478766,
      "support": 1719.0
    },
    "2": {
      "f1-score": 0.5956089322574591,
      "precision": 0.6690556492411467,
      "recall": 0.5366925938451133,
      "support": 5914.0
    },
    "3": {
      "f1-score": 0.604522745201157,
      "precision": 0.5392915787004458,
      "recall": 0.6877056536045468,
      "support": 3343.0
    },
    "4": {
      "f1-score": 0.1829652996845426,
      "precision": 0.37662337662337664,
      "recall": 0.12083333333333333,
      "support": 480.0
    },
    "accuracy": 0.560258064516129,
    "macro avg": {
      "f1-score": 0.40127919128708245,
      "precision": 0.5461266904710953,
      "recall": 0.39930506711611485,
      "support": 11625.0
    },
    "weighted avg": {
      "f1-score": 0.5554058757675956,
      "precision": 0.5804146678140933,
      "recall": 0.560258064516129,
      "support": 11625.0
    }
  }
}