{
  "meta": {
    "config": "lgbm_ordinal_reg",
    "cutpoints": [
      0.449224603875399,
      1.8207339279592087,
      2.3368831532158714,
      3.223666895661643
    ],
    "model": "lgbm_ordinal_reg_oof",
    "n_features": 87,
    "notes": "LGBM regressor OOF + holdout-calibrated cutpoints",
    "qwk": 0.5283745420559446,
    "seed": 42,
    "timestamp": "20260417_155527"
  },
  "report": {
    "0": {
      "f1-score": 0.14734561213434452,
      "precision": 0.8831168831168831,
      "recall": 0.08037825059101655,
      "support": 846.0
    },
    "1": {
      "f1-score": 0.47850989074457334,
      "precision": 0.408128078817734,
      "recall": 0.578224962196115,
      "support": 8597.0
    },
    "2": {
      "f1-score": 0.60557349958687,
      "precision": 0.6807971626414457,
      "recall": 0.5453192640692641,
      "support": 29568.0
    },
    "3": {
      "f1-score": 0.6086683087888476,
      "precision": 0.5415209586422344,
      "recall": 0.6948250074783129,
      "support": 16715.0
    },
    "4": {
      "f1-score": 0.204211869814933,
      "precision": 0.43478260869565216,
      "recall": 0.13344453711426188,
      "support": 2398.0
    },
    "accuracy": 0.5694205491707384,
    "macro avg": {
      "f1-score": 0.4088618362139137,
      "precision": 0.5896691383827899,
      "recall": 0.40643840428979405,
      "support": 58124.0
    },
    "weighted avg": {
      "f1-score": 0.564441401135557,
      "precision": 0.593209964920727,
      "recall": 0.5694205491707384,
      "support": 58124.0
    }
  }
}