{
  "meta": {
    "config": "lgbm_balanced",
    "model": "lgbm_balanced_oof",
    "n_features": 64,
    "notes": "LightGBM OOF",
    "qwk": 0.34112870072917056,
    "seed": 42,
    "timestamp": "20260414_171920"
  },
  "report": {
    "0": {
      "f1-score": 0.07439824945295405,
      "precision": 0.5,
      "recall": 0.04018912529550828,
      "support": 846.0
    },
    "1": {
      "f1-score": 0.3097262917172872,
      "precision": 0.40159377316530764,
      "recall": 0.25206467372339186,
      "support": 8597.0
    },
    "2": {
      "f1-score": 0.6360195036842023,
      "precision": 0.5895740072202166,
      "recall": 0.6904085497835498,
      "support": 29568.0
    },
    "3": {
      "f1-score": 0.5008729050279329,
      "precision": 0.4875658528295474,
      "recall": 0.5149267125336524,
      "support": 16715.0
    },
    "4": {
      "f1-score": 0.13884892086330936,
      "precision": 0.5052356020942408,
      "recall": 0.0804837364470392,
      "support": 2398.0
    },
    "accuracy": 0.5404824169017962,
    "macro avg": {
      "f1-score": 0.33197317414913724,
      "precision": 0.4967938470618625,
      "recall": 0.3156145595566283,
      "support": 58124.0
    },
    "weighted avg": {
      "f1-score": 0.5202073644903539,
      "precision": 0.5276519874278678,
      "recall": 0.5404824169017962,
      "support": 58124.0
    }
  }
}