{
  "meta": {
    "config": "rf_balanced",
    "model": "rf_balanced_oof",
    "n_features": 64,
    "notes": "BalancedRandomForest OOF",
    "qwk": 0.3387771001143044,
    "seed": 42,
    "timestamp": "20260414_170539"
  },
  "report": {
    "0": {
      "f1-score": 0.1310520567892246,
      "precision": 0.09468700683850605,
      "recall": 0.2127659574468085,
      "support": 846.0
    },
    "1": {
      "f1-score": 0.3614039654648792,
      "precision": 0.28819540548021033,
      "recall": 0.4844713272071653,
      "support": 8597.0
    },
    "2": {
      "f1-score": 0.4362157534246575,
      "precision": 0.5940998134328358,
      "recall": 0.344629329004329,
      "support": 29568.0
    },
    "3": {
      "f1-score": 0.4432031885929211,
      "precision": 0.4174598138747885,
      "recall": 0.4723302422973377,
      "support": 16715.0
    },
    "4": {
      "f1-score": 0.17939543491671808,
      "precision": 0.12738741895917294,
      "recall": 0.3031693077564637,
      "support": 2398.0
    },
    "accuracy": 0.39840685431147205,
    "macro avg": {
      "f1-score": 0.3102540798376801,
      "precision": 0.3043658917171027,
      "recall": 0.3634732327424208,
      "support": 58124.0
    },
    "weighted avg": {
      "f1-score": 0.4121226838942002,
      "precision": 0.4715329332437895,
      "recall": 0.39840685431147205,
      "support": 58124.0
    }
  }
}