{
  "meta": {
    "config": "rf_balanced",
    "model": "rf_balanced_oof",
    "n_features": 68,
    "notes": "BalancedRandomForest OOF",
    "qwk": 0.5001561543452757,
    "seed": 42,
    "timestamp": "20260417_143531"
  },
  "report": {
    "0": {
      "f1-score": 0.18519953506392872,
      "precision": 0.1377521613832853,
      "recall": 0.28250591016548465,
      "support": 846.0
    },
    "1": {
      "f1-score": 0.4588590723298383,
      "precision": 0.37121702250017974,
      "recall": 0.600674653949052,
      "support": 8597.0
    },
    "2": {
      "f1-score": 0.5573416407061267,
      "precision": 0.7220966526746314,
      "recall": 0.4538014069264069,
      "support": 29568.0
    },
    "3": {
      "f1-score": 0.5626773493573693,
      "precision": 0.5258696895637253,
      "recall": 0.6050254262638349,
      "support": 16715.0
    },
    "4": {
      "f1-score": 0.2956250884893105,
      "precision": 0.2237942122186495,
      "recall": 0.4353628023352794,
      "support": 2398.0
    },
    "accuracy": 0.5157594109145964,
    "macro avg": {
      "f1-score": 0.41194053718931467,
      "precision": 0.39614594766809424,
      "recall": 0.47547403992801157,
      "support": 58124.0
    },
    "weighted avg": {
      "f1-score": 0.5280956014828341,
      "precision": 0.584705376078828,
      "recall": 0.5157594109145964,
      "support": 58124.0
    }
  }
}