{
  "meta": {
    "config": "rf_balanced",
    "model": "rf_balanced_oof",
    "n_features": 87,
    "notes": "BalancedRandomForest OOF",
    "qwk": 0.4728532356223819,
    "seed": 42,
    "timestamp": "20260417_151242"
  },
  "report": {
    "0": {
      "f1-score": 0.19340377841818765,
      "precision": 0.1326306543697848,
      "recall": 0.35697399527186763,
      "support": 846.0
    },
    "1": {
      "f1-score": 0.4501953125,
      "precision": 0.36400832675328404,
      "recall": 0.5898569268349424,
      "support": 8597.0
    },
    "2": {
      "f1-score": 0.5453966501793789,
      "precision": 0.7324248816922287,
      "recall": 0.43445616883116883,
      "support": 29568.0
    },
    "3": {
      "f1-score": 0.5328644688644688,
      "precision": 0.5222286042504308,
      "recall": 0.5439425665569847,
      "support": 16715.0
    },
    "4": {
      "f1-score": 0.26588360918312864,
      "precision": 0.1786995837519736,
      "recall": 0.5191826522101751,
      "support": 2398.0
    },
    "accuracy": 0.4912944738834216,
    "macro avg": {
      "f1-score": 0.3975487638290328,
      "precision": 0.38599841016354036,
      "recall": 0.48888246194102775,
      "support": 58124.0
    },
    "weighted avg": {
      "f1-score": 0.5110566262215075,
      "precision": 0.5859110994159696,
      "recall": 0.4912944738834216,
      "support": 58124.0
    }
  }
}