{
  "meta": {
    "config": "rf_balanced",
    "model": "rf_balanced_oof",
    "n_features": 73,
    "notes": "BalancedRandomForest OOF",
    "qwk": 0.49073356722238004,
    "seed": 42,
    "timestamp": "20260416_000040"
  },
  "report": {
    "0": {
      "f1-score": 0.19870574800152266,
      "precision": 0.14654688377316114,
      "recall": 0.30851063829787234,
      "support": 846.0
    },
    "1": {
      "f1-score": 0.4586996336996337,
      "precision": 0.37823755946537796,
      "recall": 0.5826451087588693,
      "support": 8597.0
    },
    "2": {
      "f1-score": 0.5592019120856282,
      "precision": 0.7253464172103306,
      "recall": 0.45498511904761907,
      "support": 29568.0
    },
    "3": {
      "f1-score": 0.5591569447501651,
      "precision": 0.5176524530032095,
      "recall": 0.6078970984145977,
      "support": 16715.0
    },
    "4": {
      "f1-score": 0.28516798688882816,
      "precision": 0.21202274573517466,
      "recall": 0.4353628023352794,
      "support": 2398.0
    },
    "accuracy": 0.5148991810611796,
    "macro avg": {
      "f1-score": 0.41218644508515556,
      "precision": 0.39596121183745076,
      "recall": 0.4778801533708476,
      "support": 58124.0
    },
    "weighted avg": {
      "f1-score": 0.527771129212224,
      "precision": 0.5846762287986476,
      "recall": 0.5148991810611796,
      "support": 58124.0
    }
  }
}