{
  "meta": {
    "config": "rf_balanced",
    "model": "rf_balanced_oof",
    "n_features": 87,
    "notes": "BalancedRandomForest OOF",
    "qwk": 0.49183179998568705,
    "seed": 42,
    "timestamp": "20260417_150306"
  },
  "report": {
    "0": {
      "f1-score": 0.19870080244554833,
      "precision": 0.14680971202710333,
      "recall": 0.3073286052009456,
      "support": 846.0
    },
    "1": {
      "f1-score": 0.4627932551319648,
      "precision": 0.38179481363876916,
      "recall": 0.5874142142607887,
      "support": 8597.0
    },
    "2": {
      "f1-score": 0.5611624286455631,
      "precision": 0.7264470360616972,
      "recall": 0.4571496212121212,
      "support": 29568.0
    },
    "3": {
      "f1-score": 0.5599889852677957,
      "precision": 0.5187755102040816,
      "recall": 0.6083158839365839,
      "support": 16715.0
    },
    "4": {
      "f1-score": 0.2867295339620063,
      "precision": 0.21325472657044114,
      "recall": 0.43744787322768974,
      "support": 2398.0
    },
    "accuracy": 0.5168949143211066,
    "macro avg": {
      "f1-score": 0.4138750010905756,
      "precision": 0.3974163597004185,
      "recall": 0.4795312395676258,
      "support": 58124.0
    },
    "weighted avg": {
      "f1-score": 0.5296775599515268,
      "precision": 0.5861398816130486,
      "recall": 0.5168949143211066,
      "support": 58124.0
    }
  }
}