{
  "meta": {
    "config": "rf_balanced",
    "model": "rf_balanced_oof",
    "n_features": 69,
    "notes": "BalancedRandomForest OOF",
    "qwk": 0.5007913812787175,
    "seed": 42,
    "timestamp": "20260417_145003"
  },
  "report": {
    "0": {
      "f1-score": 0.21913043478260869,
      "precision": 0.1733149931224209,
      "recall": 0.2978723404255319,
      "support": 846.0
    },
    "1": {
      "f1-score": 0.46343475073313783,
      "precision": 0.3823240341725259,
      "recall": 0.5882284517855065,
      "support": 8597.0
    },
    "2": {
      "f1-score": 0.5621198957428323,
      "precision": 0.7237136465324385,
      "recall": 0.45951704545454547,
      "support": 29568.0
    },
    "3": {
      "f1-score": 0.5603848887430977,
      "precision": 0.5159309407560276,
      "recall": 0.613221657194137,
      "support": 16715.0
    },
    "4": {
      "f1-score": 0.2936111111111111,
      "precision": 0.22011661807580174,
      "recall": 0.4407839866555463,
      "support": 2398.0
    },
    "accuracy": 0.5196304452549722,
    "macro avg": {
      "f1-score": 0.4197362162225575,
      "precision": 0.40308004653184293,
      "recall": 0.47992469630305346,
      "support": 58124.0
    },
    "weighted avg": {
      "f1-score": 0.5309546286729795,
      "precision": 0.5846785257641712,
      "recall": 0.5196304452549722,
      "support": 58124.0
    }
  }
}