{
  "meta": {
    "config": "xgb_big",
    "model": "xgb_weighted_nlp_big_cc",
    "n_features": 92,
    "notes": "weighted XGB with NLP embeddings",
    "seed": 42,
    "timestamp": "20260414_114004"
  },
  "report": {
    "0": {
      "f1-score": 0.08579881656804733,
      "precision": 0.047027027027027025,
      "recall": 0.4887640449438202,
      "support": 178.0
    },
    "1": {
      "f1-score": 0.43150530354321825,
      "precision": 0.3508256880733945,
      "recall": 0.5603751465416178,
      "support": 1706.0
    },
    "2": {
      "f1-score": 0.47918104439843573,
      "precision": 0.744194355126831,
      "recall": 0.35335029686174724,
      "support": 5895.0
    },
    "3": {
      "f1-score": 0.28991406603346903,
      "precision": 0.6024436090225563,
      "recall": 0.19088743299583086,
      "support": 3358.0
    },
    "4": {
      "f1-score": 0.17578231292517008,
      "precision": 0.10134923125196109,
      "recall": 0.6618852459016393,
      "support": 488.0
    },
    "accuracy": 0.3518279569892473,
    "macro avg": {
      "f1-score": 0.29243630869366805,
      "precision": 0.36916798210035395,
      "recall": 0.4510524334489311,
      "support": 11625.0
    },
    "weighted avg": {
      "f1-score": 0.3987531781824081,
      "precision": 0.6078597180288509,
      "recall": 0.3518279569892473,
      "support": 11625.0
    }
  }
}