{
  "meta": {
    "config": "xgb_weighted",
    "model": "xgb_weighted_tabular_holdout",
    "n_features": 82,
    "notes": "weighted XGB tabular holdout",
    "qwk": 0.4847750308491715,
    "seed": 42,
    "timestamp": "20260417_170047"
  },
  "report": {
    "0": {
      "f1-score": 0.19487179487179487,
      "precision": 0.17194570135746606,
      "recall": 0.22485207100591717,
      "support": 169.0
    },
    "1": {
      "f1-score": 0.46349942062572425,
      "precision": 0.3852080123266564,
      "recall": 0.5817335660267597,
      "support": 1719.0
    },
    "2": {
      "f1-score": 0.5751159507965315,
      "precision": 0.7122877122877123,
      "recall": 0.48224551910720326,
      "support": 5914.0
    },
    "3": {
      "f1-score": 0.5724204971531732,
      "precision": 0.5342146189735615,
      "recall": 0.6165121148668861,
      "support": 3343.0
    },
    "4": {
      "f1-score": 0.2762973352033661,
      "precision": 0.20824524312896406,
      "recall": 0.41041666666666665,
      "support": 480.0
    },
    "accuracy": 0.5288602150537635,
    "macro avg": {
      "f1-score": 0.41644099973011806,
      "precision": 0.40238025761487206,
      "recall": 0.4631519875346866,
      "support": 11625.0
    },
    "weighted avg": {
      "f1-score": 0.5399698075940056,
      "precision": 0.5840462894726007,
      "recall": 0.5288602150537635,
      "support": 11625.0
    }
  }
}