{
  "meta": {
    "config": "xgb_weighted",
    "model": "xgb_weighted_tabular_holdout",
    "n_features": 87,
    "notes": "weighted XGB tabular holdout",
    "qwk": 0.4545363716642451,
    "seed": 42,
    "timestamp": "20260417_151047"
  },
  "report": {
    "0": {
      "f1-score": 0.18791946308724833,
      "precision": 0.13114754098360656,
      "recall": 0.33136094674556216,
      "support": 169.0
    },
    "1": {
      "f1-score": 0.44105286441052866,
      "precision": 0.35581727337615987,
      "recall": 0.5799883653286795,
      "support": 1719.0
    },
    "2": {
      "f1-score": 0.5370546569404799,
      "precision": 0.7165021156558533,
      "recall": 0.4294893473114643,
      "support": 5914.0
    },
    "3": {
      "f1-score": 0.5205562273276905,
      "precision": 0.5261228230980751,
      "recall": 0.5151061920430751,
      "support": 3343.0
    },
    "4": {
      "f1-score": 0.24586977648202138,
      "precision": 0.1603295310519645,
      "recall": 0.5270833333333333,
      "support": 480.0
    },
    "accuracy": 0.47896774193548386,
    "macro avg": {
      "f1-score": 0.38649059764959376,
      "precision": 0.37798385683313185,
      "recall": 0.47660563695242286,
      "support": 11625.0
    },
    "weighted avg": {
      "f1-score": 0.5010156098922393,
      "precision": 0.5769457300533654,
      "recall": 0.47896774193548386,
      "support": 11625.0
    }
  }
}