{
  "meta": {
    "config": "xgb_big",
    "model": "xgb_weighted_nlp_big",
    "n_features": 92,
    "notes": "weighted XGB with NLP embeddings",
    "seed": 42,
    "timestamp": "20260414_113825"
  },
  "report": {
    "0": {
      "f1-score": 0.07765567765567766,
      "precision": 0.041536050156739814,
      "recall": 0.5955056179775281,
      "support": 178.0
    },
    "1": {
      "f1-score": 0.41959738054814455,
      "precision": 0.3578816714935871,
      "recall": 0.5070339976553341,
      "support": 1706.0
    },
    "2": {
      "f1-score": 0.45466336516920175,
      "precision": 0.745552977571539,
      "recall": 0.3270568278201866,
      "support": 5895.0
    },
    "3": {
      "f1-score": 0.28134277232244803,
      "precision": 0.6033300685602351,
      "recall": 0.18344252531268612,
      "support": 3358.0
    },
    "4": {
      "f1-score": 0.1786824992931863,
      "precision": 0.10364053788127255,
      "recall": 0.6475409836065574,
      "support": 488.0
    },
    "accuracy": 0.3295483870967742,
    "macro avg": {
      "f1-score": 0.28238833899773164,
      "precision": 0.3703882611326747,
      "recall": 0.4521159904744585,
      "support": 11625.0
    },
    "weighted avg": {
      "f1-score": 0.3820939757956253,
      "precision": 0.6098523272250764,
      "recall": 0.3295483870967742,
      "support": 11625.0
    }
  }
}