{
  "meta": {
    "config": "xgb_ordinal_reg",
    "cutpoints": [
      0.5055106620392856,
      1.8164928171173238,
      2.329169328860865,
      2.917226553109173
    ],
    "model": "xgb_ordinal_reg_holdout",
    "n_features": 87,
    "notes": "XGB regressor + tuned ordinal cutpoints",
    "qwk": 0.5305771410243866,
    "seed": 42,
    "timestamp": "20260417_152532"
  },
  "report": {
    "0": {
      "f1-score": 0.15053763440860216,
      "precision": 0.8235294117647058,
      "recall": 0.08284023668639054,
      "support": 169.0
    },
    "1": {
      "f1-score": 0.48239700374531835,
      "precision": 0.4225721784776903,
      "recall": 0.5619546247818499,
      "support": 1719.0
    },
    "2": {
      "f1-score": 0.6175321049692909,
      "precision": 0.6866721854304636,
      "recall": 0.5610415962123774,
      "support": 5914.0
    },
    "3": {
      "f1-score": 0.5817128671907323,
      "precision": 0.5396622313203685,
      "recall": 0.6308704756207,
      "support": 3343.0
    },
    "4": {
      "f1-score": 0.2580037664783427,
      "precision": 0.23539518900343642,
      "recall": 0.28541666666666665,
      "support": 480.0
    },
    "accuracy": 0.5629247311827957,
    "macro avg": {
      "f1-score": 0.4180366753584573,
      "precision": 0.541566239199333,
      "recall": 0.4244247199935969,
      "support": 11625.0
    },
    "weighted avg": {
      "f1-score": 0.5656149764619238,
      "precision": 0.588700032692713,
      "recall": 0.5629247311827956,
      "support": 11625.0
    }
  }
}