{
  "meta": {
    "config": "xgb_ordinal_reg",
    "cutpoints": [
      0.5055106620392856,
      1.8164928171173238,
      2.329169328860865,
      2.917226553109173
    ],
    "model": "xgb_ordinal_reg_oof",
    "n_features": 87,
    "notes": "XGB regressor OOF + holdout-calibrated cutpoints",
    "qwk": 0.5481007058610399,
    "seed": 42,
    "timestamp": "20260417_152919"
  },
  "report": {
    "0": {
      "f1-score": 0.14130434782608695,
      "precision": 0.8783783783783784,
      "recall": 0.0768321513002364,
      "support": 846.0
    },
    "1": {
      "f1-score": 0.4900217348350128,
      "precision": 0.4258607366703872,
      "recall": 0.5769454460858439,
      "support": 8597.0
    },
    "2": {
      "f1-score": 0.6226192923761285,
      "precision": 0.6958846876958429,
      "recall": 0.5633116883116883,
      "support": 29568.0
    },
    "3": {
      "f1-score": 0.5899914621719133,
      "precision": 0.5466469327345106,
      "recall": 0.640801675142088,
      "support": 16715.0
    },
    "4": {
      "f1-score": 0.295144157814871,
      "precision": 0.2707028531663187,
      "recall": 0.3244370308590492,
      "support": 2398.0
    },
    "accuracy": 0.5706764847567269,
    "macro avg": {
      "f1-score": 0.4278161990048025,
      "precision": 0.5634947177290875,
      "recall": 0.4364655983397812,
      "support": 58124.0
    },
    "weighted avg": {
      "f1-score": 0.5731080199273696,
      "precision": 0.5981436279265757,
      "recall": 0.5706764847567269,
      "support": 58124.0
    }
  }
}