{
  "meta": {
    "config": "xgb_big",
    "model": "xgb_weighted_nlp_big_cc",
    "n_features": 92,
    "notes": "weighted XGB with NLP embeddings",
    "seed": 42,
    "timestamp": "20260414_114148"
  },
  "report": {
    "0": {
      "f1-score": 0.1171634121274409,
      "precision": 0.07169811320754717,
      "recall": 0.3202247191011236,
      "support": 178.0
    },
    "1": {
      "f1-score": 0.44637798462161066,
      "precision": 0.34085290482076636,
      "recall": 0.6465416178194607,
      "support": 1706.0
    },
    "2": {
      "f1-score": 0.5121599111604664,
      "precision": 0.7414790996784566,
      "recall": 0.39117896522476675,
      "support": 5895.0
    },
    "3": {
      "f1-score": 0.3000669792364367,
      "precision": 0.5994647636039251,
      "recall": 0.20011911852293032,
      "support": 3358.0
    },
    "4": {
      "f1-score": 0.17242274733835367,
      "precision": 0.09872137972048765,
      "recall": 0.680327868852459,
      "support": 488.0
    },
    "accuracy": 0.38451612903225807,
    "macro avg": {
      "f1-score": 0.30963820689686167,
      "precision": 0.3704432522062366,
      "recall": 0.44767845790414806,
      "support": 11625.0
    },
    "weighted avg": {
      "f1-score": 0.4209312535390256,
      "precision": 0.6044262642464732,
      "recall": 0.38451612903225807,
      "support": 11625.0
    }
  }
}