{
  "meta": {
    "config": "xgb_weighted",
    "model": "xgb_weighted_tabular_holdout",
    "n_features": 68,
    "notes": "weighted XGB tabular holdout",
    "qwk": 0.4918240930166421,
    "seed": 42,
    "timestamp": "20260417_143217"
  },
  "report": {
    "0": {
      "f1-score": 0.2210796915167095,
      "precision": 0.19545454545454546,
      "recall": 0.25443786982248523,
      "support": 169.0
    },
    "1": {
      "f1-score": 0.47034291010194623,
      "precision": 0.3908355795148248,
      "recall": 0.5904595695171612,
      "support": 1719.0
    },
    "2": {
      "f1-score": 0.5773092369477911,
      "precision": 0.7105783489866535,
      "recall": 0.48613459587419683,
      "support": 5914.0
    },
    "3": {
      "f1-score": 0.5718658689300126,
      "precision": 0.5345993756503642,
      "recall": 0.6147173197726593,
      "support": 3343.0
    },
    "4": {
      "f1-score": 0.290414878397711,
      "precision": 0.22113289760348584,
      "recall": 0.42291666666666666,
      "support": 480.0
    },
    "accuracy": 0.5325591397849463,
    "macro avg": {
      "f1-score": 0.4262025171788341,
      "precision": 0.4105201494419747,
      "recall": 0.4737332043306338,
      "support": 11625.0
    },
    "weighted avg": {
      "f1-score": 0.5429019784176119,
      "precision": 0.5849933796923622,
      "recall": 0.5325591397849463,
      "support": 11625.0
    }
  }
}